{
  "main": {
    "final_sink_ratio": {
      "adamw_pre": [
        0.9631812691688537,
        0.05235238512336012,
        5
      ],
      "adamw_sandwich": [
        0.6138434529304504,
        0.2583023424065425,
        5
      ],
      "muon_pre": [
        0.9258340239524842,
        0.048831544440045914,
        5
      ],
      "muon_sandwich": [
        0.9674538493156433,
        0.06506095385800649,
        5
      ],
      "sgdm_pre": [
        0.3006844907999039,
        0.15723116144956226,
        5
      ],
      "sgdm_sandwich": [
        0.2542090192437172,
        0.1352766243003538,
        5
      ]
    },
    "final_spike_magnitude": {
      "adamw_pre": [
        245.64036254882814,
        20.98916667109332,
        5
      ],
      "adamw_sandwich": [
        41.205632019042966,
        2.4806852474890775,
        5
      ],
      "muon_pre": [
        4787.11748046875,
        676.9443422917614,
        5
      ],
      "muon_sandwich": [
        52.84170150756836,
        5.71017081411338,
        5
      ],
      "sgdm_pre": [
        14.87121868133545,
        2.617351548076613,
        5
      ],
      "sgdm_sandwich": [
        44.15624923706055,
        4.111743410025607,
        5
      ]
    },
    "final_value_drain": {
      "adamw_pre": [
        0.0727574497461319,
        0.01790181875419673,
        5
      ],
      "adamw_sandwich": [
        2.3707787156105042,
        1.205402769369991,
        5
      ],
      "muon_pre": [
        0.3254151090979576,
        0.166814213862228,
        5
      ],
      "muon_sandwich": [
        3.4972198486328123,
        0.8149093274387766,
        5
      ],
      "sgdm_pre": [
        0.18175888955593109,
        0.055587644100090566,
        5
      ],
      "sgdm_sandwich": [
        1.038442349433899,
        0.7918212506777484,
        5
      ]
    },
    "final_residual_peak": {
      "adamw_pre": [
        0.6670933783054351,
        0.1439673720926447,
        5
      ],
      "adamw_sandwich": [
        0.9073639035224914,
        0.10243353574867113,
        5
      ],
      "muon_pre": [
        0.3984332174062729,
        0.18470315814493868,
        5
      ],
      "muon_sandwich": [
        0.5872321248054504,
        0.25681417273307555,
        5
      ],
      "sgdm_pre": [
        1.0465984225273133,
        0.19905703883102818,
        5
      ],
      "sgdm_sandwich": [
        0.9948245644569397,
        0.0601519620716987,
        5
      ]
    },
    "final_ablation_cost": {
      "adamw_pre": [
        0.03490799192398306,
        0.023798673228663993,
        5
      ],
      "adamw_sandwich": [
        0.17281838068886418,
        0.2803005279275915,
        5
      ],
      "muon_pre": [
        0.10373714386470727,
        0.09612596908890349,
        5
      ],
      "muon_sandwich": [
        0.10509536985367066,
        0.12342502407741514,
        5
      ],
      "sgdm_pre": [
        0.00020039876302089255,
        0.00018189910424126895,
        5
      ],
      "sgdm_sandwich": [
        0.11943930974082351,
        0.2033866380267173,
        5
      ]
    },
    "final_backcopy_acc": {
      "adamw_pre": [
        0.999959366111337,
        8.126777732631041e-05,
        5
      ],
      "adamw_sandwich": [
        1.0,
        0.0,
        5
      ],
      "muon_pre": [
        0.9994769389939704,
        0.00030096107443659017,
        5
      ],
      "muon_sandwich": [
        0.999353692186838,
        0.00035038427213770763,
        5
      ],
      "sgdm_pre": [
        0.999959366111337,
        8.126777732631041e-05,
        5
      ],
      "sgdm_sandwich": [
        0.999959366111337,
        8.126777732631041e-05,
        5
      ]
    },
    "sink_formation_step": {
      "adamw_pre": [
        4740.0,
        1392.982411949268,
        5
      ],
      "adamw_sandwich": [
        6525.0,
        4223.372467590326,
        4
      ],
      "muon_pre": [
        150.0,
        0.0,
        5
      ],
      "muon_sandwich": [
        270.0,
        60.0,
        5
      ],
      "sgdm_pre": [
        1050.0,
        0.0,
        1
      ],
      "sgdm_sandwich": [
        null,
        null,
        0
      ]
    }
  },
  "depth": {
    "final_sink_ratio": {
      "adamw_L1": [
        0.9999897480010986,
        1.2163242638720824e-05,
        3
      ],
      "adamw_L3": [
        0.8231828808784485,
        0.011423295507327947,
        3
      ],
      "muon_L1": [
        0.8402944008509318,
        0.006816423212720435,
        3
      ],
      "muon_L3": [
        0.9558983047803243,
        0.03661723988914975,
        3
      ],
      "sgdm_L1": [
        0.5580080151557922,
        0.08462427570945293,
        3
      ],
      "sgdm_L3": [
        0.17483223477999368,
        0.0735433322770182,
        3
      ]
    },
    "final_spike_magnitude": {
      "adamw_L1": [
        238.60770161946616,
        28.2102924599862,
        3
      ],
      "adamw_L3": [
        296.32065836588544,
        6.177208950989206,
        3
      ],
      "muon_L1": [
        1999.5201416015625,
        273.00878213244584,
        3
      ],
      "muon_L3": [
        7700.984537760417,
        490.5585945811387,
        3
      ],
      "sgdm_L1": [
        9.197219212849935,
        0.739491042649987,
        3
      ],
      "sgdm_L3": [
        13.507820129394531,
        0.9294719289370937,
        3
      ]
    },
    "final_value_drain": {
      "adamw_L1": [
        0.03673414016763369,
        0.00405197019736389,
        3
      ],
      "adamw_L3": [
        0.08401443560918172,
        0.013184307568457544,
        3
      ],
      "muon_L1": [
        0.1066850945353508,
        0.03175944534128508,
        3
      ],
      "muon_L3": [
        0.3071926881869634,
        0.12433109328062872,
        3
      ],
      "sgdm_L1": [
        0.08883319795131683,
        0.0018795719164785899,
        3
      ],
      "sgdm_L3": [
        0.20144506295522055,
        0.05285404876687086,
        3
      ]
    },
    "final_residual_peak": {
      "adamw_L1": [
        0.21861576537291208,
        0.0399395347142323,
        3
      ],
      "adamw_L3": [
        1.729878306388855,
        0.7416527652714433,
        3
      ],
      "muon_L1": [
        0.025469927738110226,
        0.013604211421794488,
        3
      ],
      "muon_L3": [
        0.9102940559387207,
        0.312113182626597,
        3
      ],
      "sgdm_L1": [
        0.2258068025112152,
        0.05838905949418216,
        3
      ],
      "sgdm_L3": [
        0.8326300382614136,
        0.14097372529318716,
        3
      ]
    },
    "final_ablation_cost": {
      "adamw_L1": [
        0.013992390304646088,
        0.007728611967562844,
        3
      ],
      "adamw_L3": [
        0.009454717081059863,
        0.003452865193492966,
        3
      ],
      "muon_L1": [
        0.008079811378761756,
        0.0038070026757485707,
        3
      ],
      "muon_L3": [
        0.0326358855716767,
        0.04337392399544446,
        3
      ],
      "sgdm_L1": [
        0.0011620092644261486,
        0.0004065890536583616,
        3
      ],
      "sgdm_L3": [
        0.00022145427724022207,
        0.0001780001836306176,
        3
      ]
    },
    "final_backcopy_acc": {
      "adamw_L1": [
        1.0,
        0.0,
        3
      ],
      "adamw_L3": [
        1.0,
        0.0,
        3
      ],
      "muon_L1": [
        0.9993317200785888,
        0.0005215849140187133,
        3
      ],
      "muon_L3": [
        0.9954695894317532,
        0.0034921333200240287,
        3
      ],
      "sgdm_L1": [
        0.9977058704310142,
        0.003104375194521313,
        3
      ],
      "sgdm_L3": [
        0.9999324962872959,
        9.546466601683963e-05,
        3
      ]
    },
    "sink_formation_step": {
      "adamw_L1": [
        2150.0,
        860.2325267042627,
        3
      ],