{
  "adamw_label_refit": {
    "censor_onset": [
      10.4,
      1.3564659966250536,
      5
    ],
    "n_fit": [
      10.4,
      1.3564659966250536,
      5
    ],
    "fit_slope": [
      10.775647685647684,
      1.5728103049923396,
      5
    ],
    "feat_retention": [
      0.0,
      0.0,
      5
    ],
    "weight_retention": [
      0.965896220090308,
      0.0030501512719024455,
      5
    ],
    "final_dead": [
      1.0,
      0.0,
      5
    ]
  },
  "adamw_proj_shift": {
    "censor_onset": [
      34.4,
      1.3564659966250536,
      5
    ],
    "n_fit": [
      35.0,
      1.7888543819998317,
      5
    ],
    "fit_slope": [
      2.916594811042568,
      0.24326869945671514,
      5
    ],
    "feat_retention": [
      0.0,
      0.0,
      5
    ],
    "weight_retention": [
      0.9378605075829141,
      0.0009390618818669635,
      5
    ],
    "final_dead": [
      1.0,
      0.0,
      5
    ]
  },
  "muon_label_refit": {
    "censor_onset": [
      75.0,
      0.6324555320336759,
      5
    ],
    "n_fit": [
      75.0,
      0.6324555320336759,
      5
    ],
    "fit_slope": [
      0.8774802851428658,
      0.06230765575085541,
      5
    ],
    "feat_retention": [
      0.0018772466238760593,
      0.0015327910125419429,
      5
    ],
    "weight_retention": [
      0.9121087396289065,
      0.006095138747648193,
      5
    ],
    "final_dead": [
      0.998046875,
      0.0017469281074217107,
      5
    ]
  },
  "muon_proj_shift": {
    "censor_onset": [
      80.6,
      0.4898979485566356,
      5
    ],
    "n_fit": [
      80.8,
      0.7483314773547882,
      5
    ],
    "fit_slope": [
      0.5065440804382602,
      0.06645624734607052,
      5
    ],
    "feat_retention": [
      0.029767577619039746,
      0.028693120659495884,
      5
    ],
    "weight_retention": [
      0.915118519020082,
      0.006477428396104608,
      5
    ],
    "final_dead": [
      0.733203125,
      0.2025480086319815,
      5
    ]
  },
  "sgdm_label_refit": {
    "censor_onset": [
      7.0,
      0.6324555320336759,
      5
    ],
    "n_fit": [
      7.0,
      0.6324555320336759,
      5
    ],
    "fit_slope": [
      19.60571428571428,
      2.9109413583644583,
      5
    ],
    "feat_retention": [
      0.0,
      0.0,
      5
    ],
    "weight_retention": [
      0.9758177290142168,
      0.001760075180843773,
      5
    ],
    "final_dead": [
      1.0,
      0.0,
      5
    ]
  },
  "sgdm_proj_shift": {
    "censor_onset": [
      22.2,
      1.4696938456699067,
      5
    ],
    "n_fit": [
      23.0,
      1.6733200530681511,
      5
    ],
    "fit_slope": [
      5.334127229882475,
      0.2495420663746218,
      5
    ],
    "feat_retention": [
      0.0036817881520907285,
      6.570134404394305e-05,
      5
    ],
    "weight_retention": [
      0.9308906453200461,
      0.0035372201142585395,
      5
    ],
    "final_dead": [
      0.921484375,
      0.02137400628172571,
      5
    ]
  }
}