{
  "fullattack": {
    "lr=0.012|loss=ce": {
      "n": 6,
      "finite_n": 6,
      "divergence_or_nonfinite_n": 0,
      "test_acc": {
        "n": 6,
        "mean": 0.5130719095468521,
        "ci95": [
          0.4791786279017468,
          0.5469651911919574
        ],
        "sd": 0.04235777843823813
      },
      "train_acc": {
        "n": 6,
        "mean": 0.8934959471225739,
        "ci95": [
          0.7356352585934034,
          1.0513566356517443
        ],
        "sd": 0.1972847639494352
      },
      "final_ratio": {
        "n": 6,
        "mean": 0.9912735748291016,
        "ci95": [
          0.7996671524974857,
          1.1828799971607176
        ],
        "sd": 0.23945814599626264
      }
    },
    "lr=0.012|loss=mse": {
      "n": 6,
      "finite_n": 6,
      "divergence_or_nonfinite_n": 0,
      "test_acc": {
        "n": 6,
        "mean": 0.4820261498292287,
        "ci95": [
          0.42646286976475517,
          0.5375894298937023
        ],
        "sd": 0.0694396349965903
      },
      "train_acc": {
        "n": 6,
        "mean": 0.8256097634633383,
        "ci95": [
          0.7399091574223092,
          0.9113103695043673
        ],
        "sd": 0.10710344665704213
      },
      "final_ratio": {
        "n": 6,
        "mean": 1.4249368591308595,
        "ci95": [
          1.2485876772854634,
          1.6012860409762557
        ],
        "sd": 0.2203905673869914
      }
    },
    "lr=0.075|loss=ce": {
      "n": 6,
      "finite_n": 6,
      "divergence_or_nonfinite_n": 0,
      "test_acc": {
        "n": 6,
        "mean": 0.4722222338120143,
        "ci95": [
          0.4356226366930792,
          0.5088218309309493
        ],
        "sd": 0.04573996823103477
      },
      "train_acc": {
        "n": 6,
        "mean": 0.6869918704032898,
        "ci95": [
          0.6579482493042025,
          0.7160354915023771
        ],
        "sd": 0.03629696529362011
      },
      "final_ratio": {
        "n": 6,
        "mean": 0.8144213438034057,
        "ci95": [
          -1.3061340903280172,
          2.9349767779348284
        ],
        "sd": 2.6501422371979846
      }
    },
    "lr=0.075|loss=mse": {
      "n": 6,
      "finite_n": 0,
      "divergence_or_nonfinite_n": 6,
      "test_acc": {
        "n": 6,
        "mean": 0.5000000149011612,
        "ci95": [
          0.43125188382179125,
          0.5687481459805311
        ],
        "sd": 0.08591726628287251
      },
      "train_acc": {
        "n": 6,
        "mean": 0.5065040588378906,
        "ci95": [
          0.4970499221404357,
          0.5159581955353456
        ],
        "sd": 0.011815209626166282
      },
      "final_ratio": {
        "n": 0,
        "mean": null,
        "ci95": null,
        "sd": null
      }
    },
    "lr=0.1|loss=ce": {
      "n": 6,
      "finite_n": 6,
      "divergence_or_nonfinite_n": 0,
      "test_acc": {
        "n": 6,
        "mean": 0.5310457646846771,
        "ci95": [
          0.4565548449683189,
          0.6055366844010354
        ],
        "sd": 0.0930942570284208
      },
      "train_acc": {
        "n": 6,
        "mean": 0.7390243907769521,
        "ci95": [
          0.6129427127393181,
          0.8651060688145862
        ],
        "sd": 0.15756927403371207
      },
      "final_ratio": {
        "n": 6,
        "mean": 1.3117565472920736,
        "ci95": [
          0.5616173376181901,
          2.0618957569659573
        ],
        "sd": 0.9374787243651312
      }
    },
    "lr=0.1|loss=mse": {
      "n": 6,
      "finite_n": 0,
      "divergence_or_nonfinite_n": 6,
      "test_acc": {
        "n": 6,
        "mean": 0.5000000149011612,
        "ci95": [
          0.43125188382179125,
          0.5687481459805311
        ],
        "sd": 0.08591726628287251
      },
      "train_acc": {
        "n": 6,
        "mean": 0.5065040588378906,
        "ci95": [
          0.4970499221404357,
          0.5159581955353456
        ],
        "sd": 0.011815209626166282
      },
      "final_ratio": {
        "n": 0,
        "mean": null,
        "ci95": null,
        "sd": null
      }
    }
  },
  "redteam": {
    "lr=0.025|loss=ce": {
      "n": 6,
      "finite_n": 6,
      "divergence_or_nonfinite_n": 0,
      "test_acc": {
        "n": 6,
        "mean": 0.5081699540217718,
        "ci95": [
          0.4430221287911944,
          0.5733177792523492
        ],
        "sd": 0.081417821258638
      },
      "train_acc": {
        "n": 6,
        "mean": 0.8439024289449056,
        "ci95": [
          0.6614906341225932,
          1.026314223767218
        ],
        "sd": 0.2279672552958795
      },
      "final_ratio": {
        "n": 6,
        "mean": 1.1233490109443667,
        "ci95": [
          0.203282644294544,
          2.0434153775941892
        ],
        "sd": 1.149843432545167
      }
    },
    "lr=0.025|loss=mse": {
      "n": 6,
      "finite_n": 3,
      "divergence_or_nonfinite_n": 3,
      "test_acc": {
        "n": 6,
        "mean": 0.5000000149011612,
        "ci95": [
          0.43125188382179125,
          0.5687481459805311
        ],
        "sd": 0.08591726628287251
      },
      "train_acc": {
        "n": 6,
        "mean": 0.5065040588378906,
        "ci95": [
          0.4970499221404357,
          0.5159581955353456
        ],
        "sd": 0.011815209626166282
      },
      "final_ratio": {
        "n": 3,
        "mean": 0.4209080457687378,
        "ci95": [
          0.20215486201539598,
          0.6396612295220796
        ],
        "sd": 0.19331205539706056
      }
    },
    "lr=0.05|loss=ce": {
      "n": 6,
      "finite_n": 6,
      "divergence_or_nonfinite_n": 0,
      "test_acc": {
        "n": 6,
        "mean": 0.5310457746187845,
        "ci95": [
          0.5065295603259115,
          0.5555619889116576
        ],
        "sd": 0.030638885429728088
      },
      "train_acc": {
        "n": 6,
        "mean": 1.0,
        "ci95": [
          1.0,
          1.0
        ],
        "sd": 0.0
      },
      "final_ratio": {
        "n": 6,
        "mean": 0.1661835014820099,
        "ci95": [
          0.12814075701204436,
          0.20422624595197542
        ],
        "sd": 0.04754352671760308
      }
    },
    "lr=0.05|loss=mse": {
      "n": 6,
      "finite_n": 0,
      "divergence_or_nonfinite_n": 6,
      "test_acc": {
        "n": 6,
        "mean": 0.5000000149011612,
        "ci95": [
          0.43125188382179125,
          0.5687481459805311
        ],
        "sd": 0.08591726628287251
      },
      "train_acc": {
        "n": 6,
        "mean": 0.5065040588378906,
        "ci95": [
          0.4970499221404357,
          0.5159581955353456
        ],
        "sd": 0.011815209626166282
      },
      "final_ratio": {
        "n": 0,
        "mean": null,
        "ci95": null,
        "sd": null
      }
    }
  }
}
