{
  "adamw_layers=1": {
    "deg4": {
      "n": 2,
      "mean": 0.01499334629625082,
      "ci95": [
        0.012362256944179535,
        0.017624435648322105
      ],
      "sd": 0.0018984297170993117
    },
    "fit": {
      "n": 2,
      "mean": 0.7040534019470215,
      "ci95": [
        0.6731142592430115,
        0.7349925446510315
      ],
      "sd": 0.022323752663371197
    },
    "raw": {
      "deg4": [
        0.013650953769683838,
        0.016335738822817802
      ],
      "fit": [
        0.6882681250572205,
        0.7198386788368225
      ]
    }
  },
  "adamw_layers=2": {
    "deg4": {
      "n": 2,
      "mean": 0.23234331421554089,
      "ci95": [
        -0.1842798931896686,
        0.6489665216207503
      ],
      "sd": 0.3006092807713399
    },
    "fit": {
      "n": 2,
      "mean": 0.8893177509307861,
      "ci95": [
        0.8477053499221802,
        0.9309301519393921
      ],
      "sd": 0.030024909116978776
    },
    "raw": {
      "deg4": [
        0.44490617513656616,
        0.01978045329451561
      ],
      "fit": [
        0.9105485677719116,
        0.8680869340896606
      ]
    }
  },
  "muon_layers=1": {
    "deg4": {
      "n": 2,
      "mean": 0.024442146241199225,
      "ci95": [
        -0.02088945735711604,
        0.06977374983951448
      ],
      "sd": 0.032708453373907376
    },
    "fit": {
      "n": 2,
      "mean": 0.683221846818924,
      "ci95": [
        0.5806821751594543,
        0.7857615184783936
      ],
      "sd": 0.07398622160311531
    },
    "raw": {
      "deg4": [
        0.0013137770583853126,
        0.04757051542401314
      ],
      "fit": [
        0.7355380058288574,
        0.6309056878089905
      ]
    }
  },
  "muon_layers=2": {
    "deg4": {
      "n": 2,
      "mean": 0.02009776420891285,
      "ci95": [
        0.00014151014387607866,
        0.040054018273949624
      ],
      "sd": 0.014399186302519497
    },
    "fit": {
      "n": 2,
      "mean": 0.8273013830184937,
      "ci95": [
        0.7457767367362976,
        0.9088260293006897
      ],
      "sd": 0.058823092061199476
    },
    "raw": {
      "deg4": [
        0.009916001930832863,
        0.030279526486992836
      ],
      "fit": [
        0.8688955903053284,
        0.7857071757316589
      ]
    }
  }
}
